<Database>
    <Table name="Privilege">
        <Field type="INT" name="id" auto_increment="true" not_null="true" />
        <Field type="VARCHAR(30)" name="name" not_null="true" />
        <Field type="TEXT" name="description" not_null="true" default="" />
        <Primary>
            <Column name="id"/>
        </Primary>
        <Unique>
            <Column name="name"/>
        </Unique>
    </Table>
	<Table name="User_privilege">
        <Field type="INT" name="row_id" auto_increment="true" not_null="true" />
        <Field type="INT" name="user_id" not_null="true" />
        <Field type="INT" name="privilege_id" not_null="true" />
        <Primary>
            <Column name="row_id"/>
        </Primary>
        <Foreign foreign-table="m_user_User">
            <Column name="user_id" foreign-field="id"/>
        </Foreign>
        <Foreign foreign-table="m_privileges_Privilege">
            <Column name="privilege_id" foreign-field="id"/>
        </Foreign>
    </Table>
</Database>
